
Insert into NEWSMANAGEMENT.AUTHOR (AUTHOR_ID,AUTHOR_NAME,EXPIRED) values (1,'John Connor',to_timestamp('10-AUG-15 10.44.04.855000000 AM','DD-MON-RR HH.MI.SSXFF AM'));
Insert into NEWSMANAGEMENT.AUTHOR (AUTHOR_ID,AUTHOR_NAME,EXPIRED) values (2,'Peter Jackson',null);
Insert into NEWSMANAGEMENT.AUTHOR (AUTHOR_ID,AUTHOR_NAME,EXPIRED) values (3,'Jack daniels',null);
Insert into NEWSMANAGEMENT.AUTHOR (AUTHOR_ID,AUTHOR_NAME,EXPIRED) values (4,'Jonh F. Kennedy',null);
Insert into NEWSMANAGEMENT.AUTHOR (AUTHOR_ID,AUTHOR_NAME,EXPIRED) values (6,'Jimmy',to_timestamp('10-AUG-15 11.07.35.719000000 AM','DD-MON-RR HH.MI.SSXFF AM'));
Insert into NEWSMANAGEMENT.AUTHOR (AUTHOR_ID,AUTHOR_NAME,EXPIRED) values (7,'Jan McGregor',null);
Insert into NEWSMANAGEMENT.AUTHOR (AUTHOR_ID,AUTHOR_NAME,EXPIRED) values (5,'Ronald Reigan',null);
Insert into NEWSMANAGEMENT.AUTHOR (AUTHOR_ID,AUTHOR_NAME,EXPIRED) values (8,'James Bond',null);
Insert into NEWSMANAGEMENT.AUTHOR (AUTHOR_ID,AUTHOR_NAME,EXPIRED) values (9,'Jane Bond',null);
Insert into NEWSMANAGEMENT.AUTHOR (AUTHOR_ID,AUTHOR_NAME,EXPIRED) values (10,'John Bond',null);
Insert into NEWSMANAGEMENT.AUTHOR (AUTHOR_ID,AUTHOR_NAME,EXPIRED) values (11,'Garry Potter',null);
Insert into NEWSMANAGEMENT.AUTHOR (AUTHOR_ID,AUTHOR_NAME,EXPIRED) values (12,'Tom Cruise',null);
Insert into NEWSMANAGEMENT.AUTHOR (AUTHOR_ID,AUTHOR_NAME,EXPIRED) values (13,'Black Jack',null);
Insert into NEWSMANAGEMENT.AUTHOR (AUTHOR_ID,AUTHOR_NAME,EXPIRED) values (14,'John Doe',null);
Insert into NEWSMANAGEMENT.AUTHOR (AUTHOR_ID,AUTHOR_NAME,EXPIRED) values (15,'James Bond',null);
Insert into NEWSMANAGEMENT.AUTHOR (AUTHOR_ID,AUTHOR_NAME,EXPIRED) values (16,'Tom Jerry',null);
Insert into NEWSMANAGEMENT.AUTHOR (AUTHOR_ID,AUTHOR_NAME,EXPIRED) values (17,'Mickey Mouse',null);
Insert into NEWSMANAGEMENT.AUTHOR (AUTHOR_ID,AUTHOR_NAME,EXPIRED) values (18,'Epam',null);
Insert into NEWSMANAGEMENT.AUTHOR (AUTHOR_ID,AUTHOR_NAME,EXPIRED) values (19,'Java Lab',null);
Insert into NEWSMANAGEMENT.AUTHOR (AUTHOR_ID,AUTHOR_NAME,EXPIRED) values (20,'Laba Jav',null);



Insert into NEWSMANAGEMENT.NEWS (NEWS_ID,TITLE,SHORT_TEXT,FULL_TEXT,CREATION_DATE,MODIFICATION_DATE) values (1,'Test news 1','Test news 1 short','test news 1 full text',to_timestamp('10-AUG-15 10.51.00.213000000 AM','DD-MON-RR HH.MI.SSXFF AM'),to_date('10-AUG-15','DD-MON-RR'));
Insert into NEWSMANAGEMENT.NEWS (NEWS_ID,TITLE,SHORT_TEXT,FULL_TEXT,CREATION_DATE,MODIFICATION_DATE) values (2,'test news 2','test news 2 short','test news 2 full text',to_timestamp('07-AUG-15 10.52.12.417000000 AM','DD-MON-RR HH.MI.SSXFF AM'),to_date('10-AUG-15','DD-MON-RR'));
Insert into NEWSMANAGEMENT.NEWS (NEWS_ID,TITLE,SHORT_TEXT,FULL_TEXT,CREATION_DATE,MODIFICATION_DATE) values (3,'test news 3','test news 3 short','test news 3 full text',to_timestamp('09-AUG-15 10.53.44.733000000 AM','DD-MON-RR HH.MI.SSXFF AM'),to_date('10-AUG-15','DD-MON-RR'));
Insert into NEWSMANAGEMENT.NEWS (NEWS_ID,TITLE,SHORT_TEXT,FULL_TEXT,CREATION_DATE,MODIFICATION_DATE) values (4,'test news 4','test news 4 short','test news 4 full text',to_timestamp('09-AUG-15 10.53.44.733000000 AM','DD-MON-RR HH.MI.SSXFF AM'),to_date('10-AUG-15','DD-MON-RR'));
Insert into NEWSMANAGEMENT.NEWS (NEWS_ID,TITLE,SHORT_TEXT,FULL_TEXT,CREATION_DATE,MODIFICATION_DATE) values (5,'test news 5','test news 5 short','test news 5 full text',to_timestamp('09-AUG-15 10.53.44.733000000 AM','DD-MON-RR HH.MI.SSXFF AM'),to_date('10-AUG-15','DD-MON-RR'));
Insert into NEWSMANAGEMENT.NEWS (NEWS_ID,TITLE,SHORT_TEXT,FULL_TEXT,CREATION_DATE,MODIFICATION_DATE) values (6,'test news 6','test news 6 short','test news 6 full text',to_timestamp('09-AUG-15 10.53.44.733000000 AM','DD-MON-RR HH.MI.SSXFF AM'),to_date('10-AUG-15','DD-MON-RR'));
Insert into NEWSMANAGEMENT.NEWS (NEWS_ID,TITLE,SHORT_TEXT,FULL_TEXT,CREATION_DATE,MODIFICATION_DATE) values (7,'test news 7','test news 7 short','test news 7 full text',to_timestamp('09-AUG-15 10.53.44.733000000 AM','DD-MON-RR HH.MI.SSXFF AM'),to_date('10-AUG-15','DD-MON-RR'));
Insert into NEWSMANAGEMENT.NEWS (NEWS_ID,TITLE,SHORT_TEXT,FULL_TEXT,CREATION_DATE,MODIFICATION_DATE) values (8,'test news 8','test news 8 short','test news 8 full text',to_timestamp('09-AUG-15 10.53.44.733000000 AM','DD-MON-RR HH.MI.SSXFF AM'),to_date('10-AUG-15','DD-MON-RR'));
Insert into NEWSMANAGEMENT.NEWS (NEWS_ID,TITLE,SHORT_TEXT,FULL_TEXT,CREATION_DATE,MODIFICATION_DATE) values (9,'test news 9','test news 9 short','test news 9 full text',to_timestamp('09-AUG-15 10.53.44.733000000 AM','DD-MON-RR HH.MI.SSXFF AM'),to_date('10-AUG-15','DD-MON-RR'));
Insert into NEWSMANAGEMENT.NEWS (NEWS_ID,TITLE,SHORT_TEXT,FULL_TEXT,CREATION_DATE,MODIFICATION_DATE) values (10,'test news 10','test news 10 short','test news 10 full text',to_timestamp('09-AUG-15 10.53.44.733000000 AM','DD-MON-RR HH.MI.SSXFF AM'),to_date('10-AUG-15','DD-MON-RR'));
Insert into NEWSMANAGEMENT.NEWS (NEWS_ID,TITLE,SHORT_TEXT,FULL_TEXT,CREATION_DATE,MODIFICATION_DATE) values (11,'test news 11','test news 11 short','test news 11 full text',to_timestamp('09-AUG-15 10.53.44.733000000 AM','DD-MON-RR HH.MI.SSXFF AM'),to_date('10-AUG-15','DD-MON-RR'));
Insert into NEWSMANAGEMENT.NEWS (NEWS_ID,TITLE,SHORT_TEXT,FULL_TEXT,CREATION_DATE,MODIFICATION_DATE) values (12,'test news 12','test news 12 short','test news 12 full text',to_timestamp('09-AUG-15 10.53.44.733000000 AM','DD-MON-RR HH.MI.SSXFF AM'),to_date('10-AUG-15','DD-MON-RR'));
Insert into NEWSMANAGEMENT.NEWS (NEWS_ID,TITLE,SHORT_TEXT,FULL_TEXT,CREATION_DATE,MODIFICATION_DATE) values (13,'test news 13','test news 13 short','test news 13 full text',to_timestamp('09-AUG-15 10.53.44.733000000 AM','DD-MON-RR HH.MI.SSXFF AM'),to_date('10-AUG-15','DD-MON-RR'));
Insert into NEWSMANAGEMENT.NEWS (NEWS_ID,TITLE,SHORT_TEXT,FULL_TEXT,CREATION_DATE,MODIFICATION_DATE) values (14,'test news 14','test news 14 short','test news 14 full text',to_timestamp('09-AUG-15 10.53.44.733000000 AM','DD-MON-RR HH.MI.SSXFF AM'),to_date('10-AUG-15','DD-MON-RR'));
Insert into NEWSMANAGEMENT.NEWS (NEWS_ID,TITLE,SHORT_TEXT,FULL_TEXT,CREATION_DATE,MODIFICATION_DATE) values (15,'test news 15','test news 15 short','test news 15 full text',to_timestamp('09-AUG-15 10.53.44.733000000 AM','DD-MON-RR HH.MI.SSXFF AM'),to_date('10-AUG-15','DD-MON-RR'));
Insert into NEWSMANAGEMENT.NEWS (NEWS_ID,TITLE,SHORT_TEXT,FULL_TEXT,CREATION_DATE,MODIFICATION_DATE) values (16,'test news 16','test news 16 short','test news 16 full text',to_timestamp('09-AUG-15 10.53.44.733000000 AM','DD-MON-RR HH.MI.SSXFF AM'),to_date('10-AUG-15','DD-MON-RR'));
Insert into NEWSMANAGEMENT.NEWS (NEWS_ID,TITLE,SHORT_TEXT,FULL_TEXT,CREATION_DATE,MODIFICATION_DATE) values (17,'test news 17','test news 17 short','test news 17 full text',to_timestamp('09-AUG-15 10.53.44.733000000 AM','DD-MON-RR HH.MI.SSXFF AM'),to_date('10-AUG-15','DD-MON-RR'));
Insert into NEWSMANAGEMENT.NEWS (NEWS_ID,TITLE,SHORT_TEXT,FULL_TEXT,CREATION_DATE,MODIFICATION_DATE) values (18,'test news 18','test news 18 short','test news 18 full text',to_timestamp('09-AUG-15 10.53.44.733000000 AM','DD-MON-RR HH.MI.SSXFF AM'),to_date('10-AUG-15','DD-MON-RR'));
Insert into NEWSMANAGEMENT.NEWS (NEWS_ID,TITLE,SHORT_TEXT,FULL_TEXT,CREATION_DATE,MODIFICATION_DATE) values (19,'test news 19','test news 19 short','test news 19 full text',to_timestamp('09-AUG-15 10.53.44.733000000 AM','DD-MON-RR HH.MI.SSXFF AM'),to_date('10-AUG-15','DD-MON-RR'));
Insert into NEWSMANAGEMENT.NEWS (NEWS_ID,TITLE,SHORT_TEXT,FULL_TEXT,CREATION_DATE,MODIFICATION_DATE) values (20,'test news 20','test news 20 short','test news 20 full text',to_timestamp('09-AUG-15 10.53.44.733000000 AM','DD-MON-RR HH.MI.SSXFF AM'),to_date('10-AUG-15','DD-MON-RR'));

Insert into NEWSMANAGEMENT.COMMENTS (COMMENT_ID,NEWS_ID,COMMENT_TEXT,CREATION_DATE) values (1,1,'test comment 1',to_timestamp('10-AUG-15 11.02.45.516000000 AM','DD-MON-RR HH.MI.SSXFF AM'));
Insert into NEWSMANAGEMENT.COMMENTS (COMMENT_ID,NEWS_ID,COMMENT_TEXT,CREATION_DATE) values (2,2,'test comment 2',to_timestamp('10-AUG-15 11.03.10.860000000 AM','DD-MON-RR HH.MI.SSXFF AM'));
Insert into NEWSMANAGEMENT.COMMENTS (COMMENT_ID,NEWS_ID,COMMENT_TEXT,CREATION_DATE) values (3,3,'test comment 3',to_timestamp('10-AUG-15 11.03.29.112000000 AM','DD-MON-RR HH.MI.SSXFF AM'));
Insert into NEWSMANAGEMENT.COMMENTS (COMMENT_ID,NEWS_ID,COMMENT_TEXT,CREATION_DATE) values (4,4,'test comment 4',to_timestamp('10-AUG-15 11.03.29.112000000 AM','DD-MON-RR HH.MI.SSXFF AM'));
Insert into NEWSMANAGEMENT.COMMENTS (COMMENT_ID,NEWS_ID,COMMENT_TEXT,CREATION_DATE) values (5,5,'test comment 5',to_timestamp('10-AUG-15 11.03.29.112000000 AM','DD-MON-RR HH.MI.SSXFF AM'));
Insert into NEWSMANAGEMENT.COMMENTS (COMMENT_ID,NEWS_ID,COMMENT_TEXT,CREATION_DATE) values (6,6,'test comment 6',to_timestamp('10-AUG-15 11.03.29.112000000 AM','DD-MON-RR HH.MI.SSXFF AM'));
Insert into NEWSMANAGEMENT.COMMENTS 
(COMMENT_ID,NEWS_ID,COMMENT_TEXT,CREATION_DATE) values (7,7,'test comment 7',to_timestamp('10-AUG-15 11.03.29.112000000 AM','DD-MON-RR HH.MI.SSXFF AM'));
Insert into NEWSMANAGEMENT.COMMENTS 
(COMMENT_ID,NEWS_ID,COMMENT_TEXT,CREATION_DATE) values (8,8,'test comment 8',to_timestamp('10-AUG-15 11.03.29.112000000 AM','DD-MON-RR HH.MI.SSXFF AM'));
Insert into NEWSMANAGEMENT.COMMENTS 
(COMMENT_ID,NEWS_ID,COMMENT_TEXT,CREATION_DATE) values (9,9,'test comment 9',to_timestamp('10-AUG-15 11.03.29.112000000 AM','DD-MON-RR HH.MI.SSXFF AM'));
Insert into NEWSMANAGEMENT.COMMENTS 
(COMMENT_ID,NEWS_ID,COMMENT_TEXT,CREATION_DATE) values (10,10,'test comment 10',to_timestamp('10-AUG-15 11.03.29.112000000 AM','DD-MON-RR HH.MI.SSXFF AM'));
Insert into NEWSMANAGEMENT.COMMENTS 
(COMMENT_ID,NEWS_ID,COMMENT_TEXT,CREATION_DATE) values (11,11,'test comment 11',to_timestamp('10-AUG-15 11.03.29.112000000 AM','DD-MON-RR HH.MI.SSXFF AM'));
Insert into NEWSMANAGEMENT.COMMENTS 
(COMMENT_ID,NEWS_ID,COMMENT_TEXT,CREATION_DATE) values (12,12,'test comment 12',to_timestamp('10-AUG-15 11.03.29.112000000 AM','DD-MON-RR HH.MI.SSXFF AM'));
Insert into NEWSMANAGEMENT.COMMENTS 
(COMMENT_ID,NEWS_ID,COMMENT_TEXT,CREATION_DATE) values (13,13,'test comment 13',to_timestamp('10-AUG-15 11.03.29.112000000 AM','DD-MON-RR HH.MI.SSXFF AM'));
Insert into NEWSMANAGEMENT.COMMENTS 
(COMMENT_ID,NEWS_ID,COMMENT_TEXT,CREATION_DATE) values (14,14,'test comment 14',to_timestamp('10-AUG-15 11.03.29.112000000 AM','DD-MON-RR HH.MI.SSXFF AM'));
Insert into NEWSMANAGEMENT.COMMENTS 
(COMMENT_ID,NEWS_ID,COMMENT_TEXT,CREATION_DATE) values (15,15,'test comment 15',to_timestamp('10-AUG-15 11.03.29.112000000 AM','DD-MON-RR HH.MI.SSXFF AM'));
Insert into NEWSMANAGEMENT.COMMENTS 
(COMMENT_ID,NEWS_ID,COMMENT_TEXT,CREATION_DATE) values (16,16,'test comment 16',to_timestamp('10-AUG-15 11.03.29.112000000 AM','DD-MON-RR HH.MI.SSXFF AM'));
Insert into NEWSMANAGEMENT.COMMENTS 
(COMMENT_ID,NEWS_ID,COMMENT_TEXT,CREATION_DATE) values (17,17,'test comment 17',to_timestamp('10-AUG-15 11.03.29.112000000 AM','DD-MON-RR HH.MI.SSXFF AM'));
Insert into NEWSMANAGEMENT.COMMENTS 
(COMMENT_ID,NEWS_ID,COMMENT_TEXT,CREATION_DATE) values (18,18,'test comment 18',to_timestamp('10-AUG-15 11.03.29.112000000 AM','DD-MON-RR HH.MI.SSXFF AM'));
Insert into NEWSMANAGEMENT.COMMENTS 
(COMMENT_ID,NEWS_ID,COMMENT_TEXT,CREATION_DATE) values (19,19,'test comment 19',to_timestamp('10-AUG-15 11.03.29.112000000 AM','DD-MON-RR HH.MI.SSXFF AM'));
Insert into NEWSMANAGEMENT.COMMENTS 
(COMMENT_ID,NEWS_ID,COMMENT_TEXT,CREATION_DATE) values (20,20,'test comment 20',to_timestamp('10-AUG-15 11.03.29.112000000 AM','DD-MON-RR HH.MI.SSXFF AM'));


Insert into NEWSMANAGEMENT.TAG (TAG_ID,TAG_NAME) values (1,'politics');
Insert into NEWSMANAGEMENT.TAG (TAG_ID,TAG_NAME) values (2,'sport');
Insert into NEWSMANAGEMENT.TAG (TAG_ID,TAG_NAME) values (3,'economics');
Insert into NEWSMANAGEMENT.TAG (TAG_ID,TAG_NAME) values (4,'misc');
Insert into NEWSMANAGEMENT.TAG (TAG_ID,TAG_NAME) values (5,'epam');
Insert into NEWSMANAGEMENT.TAG (TAG_ID,TAG_NAME) values (6,'java');
Insert into NEWSMANAGEMENT.TAG (TAG_ID,TAG_NAME) values (7,'IT misc');
Insert into NEWSMANAGEMENT.TAG (TAG_ID,TAG_NAME) values (8,'software');
Insert into NEWSMANAGEMENT.TAG (TAG_ID,TAG_NAME) values (9,'development');
Insert into NEWSMANAGEMENT.TAG (TAG_ID,TAG_NAME) values (10,'weather');
Insert into NEWSMANAGEMENT.TAG (TAG_ID,TAG_NAME) values (11,'travel');
Insert into NEWSMANAGEMENT.TAG (TAG_ID,TAG_NAME) values (12,'criminal');
Insert into NEWSMANAGEMENT.TAG (TAG_ID,TAG_NAME) values (13,'war');
Insert into NEWSMANAGEMENT.TAG (TAG_ID,TAG_NAME) values (14,'vacation');
Insert into NEWSMANAGEMENT.TAG (TAG_ID,TAG_NAME) values (15,'finances');
Insert into NEWSMANAGEMENT.TAG (TAG_ID,TAG_NAME) values (16,'markets');
Insert into NEWSMANAGEMENT.TAG (TAG_ID,TAG_NAME) values (17,'investigations');
Insert into NEWSMANAGEMENT.TAG (TAG_ID,TAG_NAME) values (18,'law');
Insert into NEWSMANAGEMENT.TAG (TAG_ID,TAG_NAME) values (19,'car');
Insert into NEWSMANAGEMENT.TAG (TAG_ID,TAG_NAME) values (20,'business');

Insert into NEWSMANAGEMENT.NEWS_AUTHOR (NEWS_ID,AUTHOR_ID) values (1,1);
Insert into NEWSMANAGEMENT.NEWS_AUTHOR (NEWS_ID,AUTHOR_ID) values (2,2);
Insert into NEWSMANAGEMENT.NEWS_AUTHOR (NEWS_ID,AUTHOR_ID) values (3,3);
Insert into NEWSMANAGEMENT.NEWS_AUTHOR (NEWS_ID,AUTHOR_ID) values (4,4);
Insert into NEWSMANAGEMENT.NEWS_AUTHOR (NEWS_ID,AUTHOR_ID) values (5,5);
Insert into NEWSMANAGEMENT.NEWS_AUTHOR (NEWS_ID,AUTHOR_ID) values (6,6);
Insert into NEWSMANAGEMENT.NEWS_AUTHOR (NEWS_ID,AUTHOR_ID) values (7,7);
Insert into NEWSMANAGEMENT.NEWS_AUTHOR (NEWS_ID,AUTHOR_ID) values (8,8);
Insert into NEWSMANAGEMENT.NEWS_AUTHOR (NEWS_ID,AUTHOR_ID) values (9,9);
Insert into NEWSMANAGEMENT.NEWS_AUTHOR (NEWS_ID,AUTHOR_ID) values (10,10);
Insert into NEWSMANAGEMENT.NEWS_AUTHOR (NEWS_ID,AUTHOR_ID) values (11,11);
Insert into NEWSMANAGEMENT.NEWS_AUTHOR (NEWS_ID,AUTHOR_ID) values (12,12);
Insert into NEWSMANAGEMENT.NEWS_AUTHOR (NEWS_ID,AUTHOR_ID) values (13,13);
Insert into NEWSMANAGEMENT.NEWS_AUTHOR (NEWS_ID,AUTHOR_ID) values (14,14);
Insert into NEWSMANAGEMENT.NEWS_AUTHOR (NEWS_ID,AUTHOR_ID) values (15,15);
Insert into NEWSMANAGEMENT.NEWS_AUTHOR (NEWS_ID,AUTHOR_ID) values (16,16);
Insert into NEWSMANAGEMENT.NEWS_AUTHOR (NEWS_ID,AUTHOR_ID) values (17,17);
Insert into NEWSMANAGEMENT.NEWS_AUTHOR (NEWS_ID,AUTHOR_ID) values (18,18);
Insert into NEWSMANAGEMENT.NEWS_AUTHOR (NEWS_ID,AUTHOR_ID) values (19,19);
Insert into NEWSMANAGEMENT.NEWS_AUTHOR (NEWS_ID,AUTHOR_ID) values (20,20);



Insert into NEWSMANAGEMENT.NEWS_TAG (NEWS_ID,TAG_ID) values (1,1);
Insert into NEWSMANAGEMENT.NEWS_TAG (NEWS_ID,TAG_ID) values (2,2);
Insert into NEWSMANAGEMENT.NEWS_TAG (NEWS_ID,TAG_ID) values (3,3);
Insert into NEWSMANAGEMENT.NEWS_TAG (NEWS_ID,TAG_ID) values (4,4);
Insert into NEWSMANAGEMENT.NEWS_TAG (NEWS_ID,TAG_ID) values (5,5);
Insert into NEWSMANAGEMENT.NEWS_TAG (NEWS_ID,TAG_ID) values (6,6);
Insert into NEWSMANAGEMENT.NEWS_TAG (NEWS_ID,TAG_ID) values (7,7);
Insert into NEWSMANAGEMENT.NEWS_TAG (NEWS_ID,TAG_ID) values (8,8);
Insert into NEWSMANAGEMENT.NEWS_TAG (NEWS_ID,TAG_ID) values (9,9);
Insert into NEWSMANAGEMENT.NEWS_TAG (NEWS_ID,TAG_ID) values (10,10);
Insert into NEWSMANAGEMENT.NEWS_TAG (NEWS_ID,TAG_ID) values (11,11);
Insert into NEWSMANAGEMENT.NEWS_TAG (NEWS_ID,TAG_ID) values (12,12);
Insert into NEWSMANAGEMENT.NEWS_TAG (NEWS_ID,TAG_ID) values (13,13);
Insert into NEWSMANAGEMENT.NEWS_TAG (NEWS_ID,TAG_ID) values (14,14);
Insert into NEWSMANAGEMENT.NEWS_TAG (NEWS_ID,TAG_ID) values (15,15);
Insert into NEWSMANAGEMENT.NEWS_TAG (NEWS_ID,TAG_ID) values (16,16);
Insert into NEWSMANAGEMENT.NEWS_TAG (NEWS_ID,TAG_ID) values (17,17);
Insert into NEWSMANAGEMENT.NEWS_TAG (NEWS_ID,TAG_ID) values (18,18);
Insert into NEWSMANAGEMENT.NEWS_TAG (NEWS_ID,TAG_ID) values (19,19);
Insert into NEWSMANAGEMENT.NEWS_TAG (NEWS_ID,TAG_ID) values (20,20);

Insert into NEWSMANAGEMENT.USERS (USER_ID,USER_NAME,LOGIN,PASSWORD) values (1,'user1','admin','21232f297a57a5a743894a0e4a801fc3');
Insert into NEWSMANAGEMENT.USERS (USER_ID,USER_NAME,LOGIN,PASSWORD) values (2,'user2','login','pass');
Insert into NEWSMANAGEMENT.USERS (USER_ID,USER_NAME,LOGIN,PASSWORD) values (3,'user3','login','pass');
Insert into NEWSMANAGEMENT.USERS (USER_ID,USER_NAME,LOGIN,PASSWORD) values (4,'user4','login','pass');
Insert into NEWSMANAGEMENT.USERS (USER_ID,USER_NAME,LOGIN,PASSWORD) values (5,'user5','login','pass');
Insert into NEWSMANAGEMENT.USERS (USER_ID,USER_NAME,LOGIN,PASSWORD) values (6,'user6','login','pass');
Insert into NEWSMANAGEMENT.USERS (USER_ID,USER_NAME,LOGIN,PASSWORD) values (7,'user7','login','pass');
Insert into NEWSMANAGEMENT.USERS (USER_ID,USER_NAME,LOGIN,PASSWORD) values (8,'user8','login','pass');
Insert into NEWSMANAGEMENT.USERS (USER_ID,USER_NAME,LOGIN,PASSWORD) values (9,'user9','login','pass');
Insert into NEWSMANAGEMENT.USERS (USER_ID,USER_NAME,LOGIN,PASSWORD) values (10,'user10','login','pass');
Insert into NEWSMANAGEMENT.USERS (USER_ID,USER_NAME,LOGIN,PASSWORD) values (11,'user11','login','pass');
Insert into NEWSMANAGEMENT.USERS (USER_ID,USER_NAME,LOGIN,PASSWORD) values (12,'user12','login','pass');
Insert into NEWSMANAGEMENT.USERS (USER_ID,USER_NAME,LOGIN,PASSWORD) values (13,'user13','login','pass');
Insert into NEWSMANAGEMENT.USERS (USER_ID,USER_NAME,LOGIN,PASSWORD) values (14,'user14','login','pass');
Insert into NEWSMANAGEMENT.USERS (USER_ID,USER_NAME,LOGIN,PASSWORD) values (15,'user15','login','pass');
Insert into NEWSMANAGEMENT.USERS (USER_ID,USER_NAME,LOGIN,PASSWORD) values (16,'user16','login','pass');
Insert into NEWSMANAGEMENT.USERS (USER_ID,USER_NAME,LOGIN,PASSWORD) values (17,'user17','login','pass');
Insert into NEWSMANAGEMENT.USERS (USER_ID,USER_NAME,LOGIN,PASSWORD) values (18,'user18','login','pass');
Insert into NEWSMANAGEMENT.USERS (USER_ID,USER_NAME,LOGIN,PASSWORD) values (19,'user19','login','pass');
Insert into NEWSMANAGEMENT.USERS (USER_ID,USER_NAME,LOGIN,PASSWORD) values (20,'user20','login','pass');

Insert into NEWSMANAGEMENT.ROLES (USER_ID,ROLE_NAME) values (1,'ROLE_ADMIN');
Insert into NEWSMANAGEMENT.ROLES (USER_ID,ROLE_NAME) values (2,'user');
Insert into NEWSMANAGEMENT.ROLES (USER_ID,ROLE_NAME) values (3,'user');
Insert into NEWSMANAGEMENT.ROLES (USER_ID,ROLE_NAME) values (4,'user');
Insert into NEWSMANAGEMENT.ROLES (USER_ID,ROLE_NAME) values (5,'user');
Insert into NEWSMANAGEMENT.ROLES (USER_ID,ROLE_NAME) values (6,'user');
Insert into NEWSMANAGEMENT.ROLES (USER_ID,ROLE_NAME) values (7,'user');
Insert into NEWSMANAGEMENT.ROLES (USER_ID,ROLE_NAME) values (8,'user');
Insert into NEWSMANAGEMENT.ROLES (USER_ID,ROLE_NAME) values (9,'user');
Insert into NEWSMANAGEMENT.ROLES (USER_ID,ROLE_NAME) values (10,'user');
Insert into NEWSMANAGEMENT.ROLES (USER_ID,ROLE_NAME) values (11,'user');
Insert into NEWSMANAGEMENT.ROLES (USER_ID,ROLE_NAME) values (12,'user');
Insert into NEWSMANAGEMENT.ROLES (USER_ID,ROLE_NAME) values (13,'user');
Insert into NEWSMANAGEMENT.ROLES (USER_ID,ROLE_NAME) values (14,'user');
Insert into NEWSMANAGEMENT.ROLES (USER_ID,ROLE_NAME) values (15,'user');
Insert into NEWSMANAGEMENT.ROLES (USER_ID,ROLE_NAME) values (16,'user');
Insert into NEWSMANAGEMENT.ROLES (USER_ID,ROLE_NAME) values (17,'user');
Insert into NEWSMANAGEMENT.ROLES (USER_ID,ROLE_NAME) values (18,'user');
Insert into NEWSMANAGEMENT.ROLES (USER_ID,ROLE_NAME) values (19,'user');
Insert into NEWSMANAGEMENT.ROLES (USER_ID,ROLE_NAME) values (20,'user');